threshold,precision,recall,f1,fpr,fnr
0.2862200613397535,0.3291139240506329,1.0,0.4952380952380952,1.0,0.0
0.32434647940741695,0.33015873015873015,1.0,0.49642004773269693,0.9952830188679245,0.0
0.3293862028979732,0.33121019108280253,1.0,0.49760765550239233,0.9905660377358491,0.0
0.33024979968401874,0.33226837060702874,1.0,0.4988009592326139,0.9858490566037735,0.0
0.3311833008740775,0.3333333333333333,1.0,0.5,0.9811320754716981,0.0
0.33614323769072585,0.33440514469453375,1.0,0.5012048192771085,0.9764150943396226,0.0
0.3384751795672845,0.33548387096774196,1.0,0.5024154589371981,0.9716981132075472,0.0
0.3487365821116189,0.3333333333333333,0.9903846153846154,0.49878934624697335,0.9716981132075472,0.009615384615384616
0.34913881050597667,0.3344155844155844,0.9903846153846154,0.5,0.9669811320754716,0.009615384615384616
0.34966393803064694,0.3355048859934853,0.9903846153846154,0.5012165450121655,0.9622641509433962,0.009615384615384616
0.3505264096958598,0.3366013071895425,0.9903846153846154,0.5024390243902439,0.9575471698113207,0.009615384615384616
0.3517338821187261,0.3377049180327869,0.9903846153846154,0.5036674816625918,0.9528301886792453,0.009615384615384616
0.35334452878602496,0.3355263157894737,0.9807692307692307,0.5,0.9528301886792453,0.019230769230769232
0.35357429596391776,0.33663366336633666,0.9807692307692307,0.5012285012285013,0.9481132075471698,0.019230769230769232
0.35846141768132633,0.33774834437086093,0.9807692307692307,0.5024630541871921,0.9433962264150944,0.019230769230769232
0.3653492672081176,0.3388704318936877,0.9807692307692307,0.5037037037037038,0.9386792452830188,0.019230769230769232
0.3656145662027048,0.34,0.9807692307692307,0.504950495049505,0.9339622641509434,0.019230769230769232
0.3675050322638667,0.3411371237458194,0.9807692307692307,0.5062034739454094,0.9292452830188679,0.019230769230769232
0.36831690801336736,0.3389261744966443,0.9711538461538461,0.5024875621890548,0.9292452830188679,0.028846153846153848
0.37099372227209326,0.3400673400673401,0.9711538461538461,0.5037406483790524,0.9245283018867925,0.028846153846153848
0.37147215334183903,0.34121621621621623,0.9711538461538461,0.505,0.9198113207547169,0.028846153846153848
0.3715296802166995,0.3423728813559322,0.9711538461538461,0.506265664160401,0.9150943396226415,0.028846153846153848
0.3717921284061546,0.3435374149659864,0.9711538461538461,0.5075376884422111,0.910377358490566,0.028846153846153848
0.371967005529697,0.3447098976109215,0.9711538461538461,0.5088161209068011,0.9056603773584906,0.028846153846153848
0.37372875181646764,0.3458904109589041,0.9711538461538461,0.51010101010101,0.9009433962264151,0.028846153846153848
0.37542426473723234,0.3436426116838488,0.9615384615384616,0.5063291139240506,0.9009433962264151,0.038461538461538464
0.37653941824544185,0.3448275862068966,0.9615384615384616,0.5076142131979696,0.8962264150943396,0.038461538461538464
0.3781950179671361,0.3460207612456747,0.9615384615384616,0.5089058524173028,0.8915094339622641,0.038461538461538464
0.38176680771889737,0.34375,0.9519230769230769,0.5051020408163265,0.8915094339622641,0.04807692307692308
0.38185498531287443,0.34494773519163763,0.9519230769230769,0.5063938618925831,0.8867924528301887,0.04807692307692308
0.3842237364877125,0.34615384615384615,0.9519230769230769,0.5076923076923077,0.8820754716981132,0.04807692307692308
0.3852259323266556,0.3473684210526316,0.9519230769230769,0.5089974293059126,0.8773584905660378,0.04807692307692308
0.38609136011444284,0.3485915492957746,0.9519230769230769,0.5103092783505154,0.8726415094339622,0.04807692307692308
0.3896057470297914,0.3498233215547703,0.9519230769230769,0.5116279069767441,0.8679245283018868,0.04807692307692308
0.3898971738416365,0.35106382978723405,0.9519230769230769,0.5129533678756476,0.8632075471698113,0.04807692307692308
0.39003328799855996,0.35231316725978645,0.9519230769230769,0.5142857142857143,0.8584905660377359,0.04807692307692308
0.3903358529040428,0.3535714285714286,0.9519230769230769,0.515625,0.8537735849056604,0.04807692307692308
0.39290773319344496,0.3548387096774194,0.9519230769230769,0.5169712793733682,0.8490566037735849,0.04807692307692308
0.3933182881403912,0.35251798561151076,0.9423076923076923,0.5130890052356021,0.8490566037735849,0.057692307692307696
0.3937815946086622,0.35379061371841153,0.9423076923076923,0.5144356955380578,0.8443396226415094,0.057692307692307696
0.39704096156916335,0.35507246376811596,0.9423076923076923,0.5157894736842106,0.839622641509434,0.057692307692307696
0.39725499618154064,0.3563636363636364,0.9423076923076923,0.5171503957783641,0.8349056603773585,0.057692307692307696
0.3982129984609596,0.35766423357664234,0.9423076923076923,0.5185185185185185,0.8301886792452831,0.057692307692307696
0.39885524259915794,0.358974358974359,0.9423076923076923,0.519893899204244,0.8254716981132075,0.057692307692307696
0.39904388315399825,0.35661764705882354,0.9326923076923077,0.5159574468085106,0.8254716981132075,0.0673076923076923
0.3992452796836537,0.35424354243542433,0.9230769230769231,0.512,0.8254716981132075,0.07692307692307693
0.4000024327212163,0.35555555555555557,0.9230769230769231,0.5133689839572193,0.8207547169811321,0.07692307692307693
0.400183283507718,0.35687732342007433,0.9230769230769231,0.5147453083109919,0.8160377358490566,0.07692307692307693
0.4005829388967035,0.3582089552238806,0.9230769230769231,0.5161290322580645,0.8113207547169812,0.07692307692307693
0.4011077421129861,0.35580524344569286,0.9134615384615384,0.5121293800539083,0.8113207547169812,0.08653846153846154
0.40207468255194884,0.3533834586466165,0.9038461538461539,0.5081081081081081,0.8113207547169812,0.09615384615384616
0.4022411685864956,0.35471698113207545,0.9038461538461539,0.5094850948509484,0.8066037735849056,0.09615384615384616
0.402422198218096,0.3522727272727273,0.8942307692307693,0.5054347826086957,0.8066037735849056,0.10576923076923077
0.4042321918734151,0.35361216730038025,0.8942307692307693,0.5068119891008175,0.8018867924528302,0.10576923076923077
0.4047086606537445,0.3511450381679389,0.8846153846153846,0.5027322404371585,0.8018867924528302,0.11538461538461539
0.4071178461136486,0.3524904214559387,0.8846153846153846,0.5041095890410959,0.7971698113207547,0.11538461538461539
0.4074435508697139,0.35,0.875,0.4999999999999999,0.7971698113207547,0.125
0.4081020686033967,0.3474903474903475,0.8653846153846154,0.4958677685950414,0.7971698113207547,0.1346153846153846
0.40882057386105747,0.3488372093023256,0.8653846153846154,0.4972375690607735,0.7924528301886793,0.1346153846153846
0.4115311893213343,0.35019455252918286,0.8653846153846154,0.49861495844875336,0.7877358490566038,0.1346153846153846
0.411548784325318,0.3515625,0.8653846153846154,0.5,0.7830188679245284,0.1346153846153846
0.4116038264695657,0.35294117647058826,0.8653846153846154,0.5013927576601671,0.7783018867924528,0.1346153846153846
0.4125724437179967,0.3543307086614173,0.8653846153846154,0.5027932960893854,0.7735849056603774,0.1346153846153846
0.41477830553820105,0.3557312252964427,0.8653846153846154,0.5042016806722689,0.7688679245283019,0.1346153846153846
0.4155378013308564,0.35714285714285715,0.8653846153846154,0.5056179775280899,0.7641509433962265,0.1346153846153846
0.41672841726136717,0.35856573705179284,0.8653846153846154,0.5070422535211268,0.7594339622641509,0.1346153846153846
0.41807912309865675,0.36,0.8653846153846154,0.5084745762711865,0.7547169811320755,0.1346153846153846
0.41877784083062586,0.357429718875502,0.8557692307692307,0.5042492917847026,0.7547169811320755,0.14423076923076922
0.42058536316192885,0.3588709677419355,0.8557692307692307,0.5056818181818181,0.75,0.14423076923076922
0.42072177757289486,0.3603238866396761,0.8557692307692307,0.5071225071225072,0.7452830188679245,0.14423076923076922
0.42076610604021364,0.3617886178861789,0.8557692307692307,0.5085714285714285,0.7405660377358491,0.14423076923076922
0.42111195249112926,0.363265306122449,0.8557692307692307,0.510028653295129,0.7358490566037735,0.14423076923076922
0.4220043614449187,0.36475409836065575,0.8557692307692307,0.5114942528735632,0.7311320754716981,0.14423076923076922
0.42314710506454223,0.3662551440329218,0.8557692307692307,0.5129682997118156,0.7264150943396226,0.14423076923076922
0.4234476158957212,0.3677685950413223,0.8557692307692307,0.5144508670520231,0.7216981132075472,0.14423076923076922
0.42381250508842966,0.36929460580912865,0.8557692307692307,0.5159420289855072,0.7169811320754716,0.14423076923076922
0.42415014518863414,0.37083333333333335,0.8557692307692307,0.5174418604651163,0.7122641509433962,0.14423076923076922
0.42475805426196633,0.3723849372384937,0.8557692307692307,0.5189504373177842,0.7075471698113207,0.14423076923076922
0.42713364606818977,0.3739495798319328,0.8557692307692307,0.5204678362573099,0.7028301886792453,0.14423076923076922
0.4273917883147509,0.3755274261603376,0.8557692307692307,0.5219941348973607,0.6981132075471698,0.14423076923076922
0.42741039527816843,0.3771186440677966,0.8557692307692307,0.5235294117647059,0.6933962264150944,0.14423076923076922
0.42754873636726215,0.37872340425531914,0.8557692307692307,0.5250737463126843,0.6886792452830188,0.14423076923076922
0.4277488535402861,0.3803418803418803,0.8557692307692307,0.5266272189349112,0.6839622641509434,0.14423076923076922
0.428415046594727,0.38197424892703863,0.8557692307692307,0.5281899109792285,0.6792452830188679,0.14423076923076922
0.4288125883009525,0.38362068965517243,0.8557692307692307,0.5297619047619048,0.6745283018867925,0.14423076923076922
0.43074814744289897,0.38095238095238093,0.8461538461538461,0.5253731343283581,0.6745283018867925,0.15384615384615385
0.4311205650690031,0.3826086956521739,0.8461538461538461,0.5269461077844311,0.6698113207547169,0.15384615384615385
0.4316370790179828,0.38427947598253276,0.8461538461538461,0.5285285285285285,0.6650943396226415,0.15384615384615385
0.4319659417874529,0.38596491228070173,0.8461538461538461,0.5301204819277108,0.660377358490566,0.15384615384615385
0.432987069533728,0.3876651982378855,0.8461538461538461,0.5317220543806647,0.6556603773584906,0.15384615384615385
0.43313007629790695,0.38495575221238937,0.8365384615384616,0.5272727272727273,0.6556603773584906,0.16346153846153846
0.43318805335742266,0.38222222222222224,0.8269230769230769,0.5227963525835866,0.6556603773584906,0.17307692307692307
0.43331261202874816,0.3794642857142857,0.8173076923076923,0.5182926829268292,0.6556603773584906,0.18269230769230768
0.4333402442854077,0.3811659192825112,0.8173076923076923,0.5198776758409785,0.6509433962264151,0.18269230769230768
0.4335718189756662,0.38288288288288286,0.8173076923076923,0.5214723926380367,0.6462264150943396,0.18269230769230768
0.43360707604149634,0.38461538461538464,0.8173076923076923,0.5230769230769231,0.6415094339622641,0.18269230769230768
0.43498699986049116,0.38636363636363635,0.8173076923076923,0.5246913580246914,0.6367924528301887,0.18269230769230768
0.43511827201590475,0.3881278538812785,0.8173076923076923,0.5263157894736842,0.6320754716981132,0.18269230769230768
0.4366354068591702,0.38990825688073394,0.8173076923076923,0.5279503105590062,0.6273584905660378,0.18269230769230768
0.43679473532677743,0.391705069124424,0.8173076923076923,0.529595015576324,0.6226415094339622,0.18269230769230768
0.437106882120901,0.3888888888888889,0.8076923076923077,0.525,0.6226415094339622,0.19230769230769232
0.4372710102720353,0.39069767441860465,0.8076923076923077,0.5266457680250783,0.6179245283018868,0.19230769230769232
0.4375293465303735,0.3878504672897196,0.7980769230769231,0.5220125786163522,0.6179245283018868,0.20192307692307693
0.4376089694495601,0.38497652582159625,0.7884615384615384,0.5173501577287066,0.6179245283018868,0.21153846153846154
0.4377926901647354,0.3867924528301887,0.7884615384615384,0.518987341772152,0.6132075471698113,0.21153846153846154
0.43794405330833025,0.3886255924170616,0.7884615384615384,0.5206349206349206,0.6084905660377359,0.21153846153846154
0.4386282778746887,0.3904761904761905,0.7884615384615384,0.5222929936305732,0.6037735849056604,0.21153846153846154
0.44026241640249625,0.3875598086124402,0.7788461538461539,0.5175718849840256,0.6037735849056604,0.22115384615384615
0.4402991847144964,0.3894230769230769,0.7788461538461539,0.5192307692307692,0.5990566037735849,0.22115384615384615
0.44039171210791994,0.391304347826087,0.7788461538461539,0.5209003215434083,0.5943396226415094,0.22115384615384615
0.44103482130791344,0.3932038834951456,0.7788461538461539,0.5225806451612903,0.589622641509434,0.22115384615384615
0.44116212354228085,0.3951219512195122,0.7788461538461539,0.5242718446601942,0.5849056603773585,0.22115384615384615
0.44116598842042887,0.39705882352941174,0.7788461538461539,0.525974025974026,0.5801886792452831,0.22115384615384615
0.4416012037844964,0.39901477832512317,0.7788461538461539,0.5276872964169381,0.5754716981132075,0.22115384615384615
0.4416939656050664,0.400990099009901,0.7788461538461539,0.5294117647058824,0.5707547169811321,0.22115384615384615
0.4417104973530276,0.40298507462686567,0.7788461538461539,0.5311475409836066,0.5660377358490566,0.22115384615384615
0.44186971322340185,0.405,0.7788461538461539,0.5328947368421052,0.5613207547169812,0.22115384615384615
0.4426420402369204,0.40703517587939697,0.7788461538461539,0.5346534653465347,0.5566037735849056,0.22115384615384615
0.4430999665943629,0.40404040404040403,0.7692307692307693,0.5298013245033112,0.5566037735849056,0.23076923076923078
0.4433850001226281,0.40609137055837563,0.7692307692307693,0.53156146179402,0.5518867924528302,0.23076923076923078
0.44386385523750177,0.40816326530612246,0.7692307692307693,0.5333333333333333,0.5471698113207547,0.23076923076923078
0.44416597546251374,0.41025641025641024,0.7692307692307693,0.5351170568561873,0.5424528301886793,0.23076923076923078
0.44453830858586946,0.41237113402061853,0.7692307692307693,0.5369127516778524,0.5377358490566038,0.23076923076923078
0.44484175853268804,0.41450777202072536,0.7692307692307693,0.5387205387205387,0.5330188679245284,0.23076923076923078
0.4450041660896264,0.4166666666666667,0.7692307692307693,0.5405405405405406,0.5283018867924528,0.23076923076923078
0.44504361868543263,0.41361256544502617,0.7596153846153846,0.535593220338983,0.5283018867924528,0.2403846153846154
0.4455849905986479,0.41578947368421054,0.7596153846153846,0.5374149659863946,0.5235849056603774,0.2403846153846154
0.44606292243152973,0.4126984126984127,0.75,0.5324232081911263,0.5235849056603774,0.25
0.44962811870077946,0.4095744680851064,0.7403846153846154,0.5273972602739727,0.5235849056603774,0.25961538461538464
0.44988316182776483,0.4117647058823529,0.7403846153846154,0.5292096219931273,0.5188679245283019,0.25961538461538464
0.4501306437267253,0.41397849462365593,0.7403846153846154,0.5310344827586206,0.5141509433962265,0.25961538461538464
0.4507062378584694,0.41081081081081083,0.7307692307692307,0.5259515570934257,0.5141509433962265,0.2692307692307692
0.45095441223298766,0.41304347826086957,0.7307692307692307,0.5277777777777778,0.5094339622641509,0.2692307692307692
0.45099292077421893,0.41530054644808745,0.7307692307692307,0.5296167247386759,0.5047169811320755,0.2692307692307692
0.45161925353955074,0.4175824175824176,0.7307692307692307,0.5314685314685315,0.5,0.2692307692307692
0.4522633287658303,0.4198895027624309,0.7307692307692307,0.5333333333333333,0.49528301886792453,0.2692307692307692
0.4522833395707709,0.4166666666666667,0.7211538461538461,0.528169014084507,0.49528301886792453,0.27884615384615385
0.4541754061299805,0.41899441340782123,0.7211538461538461,0.5300353356890459,0.49056603773584906,0.27884615384615385
0.4542683065602271,0.42134831460674155,0.7211538461538461,0.5319148936170214,0.4858490566037736,0.27884615384615385
0.4549767772354512,0.4180790960451977,0.7115384615384616,0.5266903914590747,0.4858490566037736,0.28846153846153844
0.45605382120369986,0.4147727272727273,0.7019230769230769,0.5214285714285715,0.4858490566037736,0.2980769230769231
0.45640289059632927,0.4114285714285714,0.6923076923076923,0.5161290322580644,0.4858490566037736,0.3076923076923077
0.45727517963187714,0.41379310344827586,0.6923076923076923,0.5179856115107914,0.4811320754716981,0.3076923076923077
0.4576379798473746,0.4161849710982659,0.6923076923076923,0.51985559566787,0.47641509433962265,0.3076923076923077
0.4576584370223615,0.4127906976744186,0.6826923076923077,0.5144927536231884,0.47641509433962265,0.3173076923076923
0.4583062112751425,0.4152046783625731,0.6826923076923077,0.5163636363636362,0.4716981132075472,0.3173076923076923
0.4584821374517279,0.4176470588235294,0.6826923076923077,0.5182481751824818,0.4669811320754717,0.3173076923076923
0.4595335999790133,0.41420118343195267,0.6730769230769231,0.5128205128205128,0.4669811320754717,0.3269230769230769
0.45983788306526735,0.4107142857142857,0.6634615384615384,0.5073529411764706,0.4669811320754717,0.33653846153846156
0.4605233604504082,0.41317365269461076,0.6634615384615384,0.5092250922509225,0.46226415094339623,0.33653846153846156
0.4614535138847457,0.41566265060240964,0.6634615384615384,0.5111111111111111,0.45754716981132076,0.33653846153846156
0.4616145587012697,0.4121212121212121,0.6538461538461539,0.5055762081784387,0.45754716981132076,0.34615384615384615
0.4630126276165069,0.4146341463414634,0.6538461538461539,0.5074626865671641,0.4528301886792453,0.34615384615384615
0.46313048776442883,0.4171779141104294,0.6538461538461539,0.5093632958801498,0.4481132075471698,0.34615384615384615
0.4644428246567266,0.41975308641975306,0.6538461538461539,0.5112781954887218,0.44339622641509435,0.34615384615384615
0.4650279144686053,0.422360248447205,0.6538461538461539,0.5132075471698113,0.4386792452830189,0.34615384615384615
0.46541021445267283,0.425,0.6538461538461539,0.5151515151515152,0.4339622641509434,0.34615384615384615
0.4662267831457758,0.4276729559748428,0.6538461538461539,0.5171102661596959,0.42924528301886794,0.34615384615384615
0.46676579299179227,0.4240506329113924,0.6442307692307693,0.5114503816793894,0.42924528301886794,0.3557692307692308
0.46734988134486943,0.4267515923566879,0.6442307692307693,0.5134099616858238,0.42452830188679247,0.3557692307692308
0.4676200212800508,0.42948717948717946,0.6442307692307693,0.5153846153846154,0.419811320754717,0.3557692307692308
0.4682262750407409,0.432258064516129,0.6442307692307693,0.5173745173745173,0.41509433962264153,0.3557692307692308
0.46829369315976144,0.43506493506493504,0.6442307692307693,0.5193798449612403,0.41037735849056606,0.3557692307692308
0.4691064166756827,0.43790849673202614,0.6442307692307693,0.5214007782101167,0.4056603773584906,0.3557692307692308
0.470571493293444,0.4342105263157895,0.6346153846153846,0.515625,0.4056603773584906,0.36538461538461536
0.4710679517077979,0.4370860927152318,0.6346153846153846,0.5176470588235293,0.4009433962264151,0.36538461538461536
0.47176749545870905,0.44,0.6346153846153846,0.5196850393700788,0.39622641509433965,0.36538461538461536
0.4726326801047115,0.436241610738255,0.625,0.5138339920948617,0.39622641509433965,0.375
0.4727183468553157,0.4391891891891892,0.625,0.5158730158730158,0.3915094339622642,0.375
0.47355199181997665,0.4421768707482993,0.625,0.5179282868525896,0.3867924528301887,0.375
0.4748170914856105,0.4383561643835616,0.6153846153846154,0.512,0.3867924528301887,0.38461538461538464
0.4750421094309971,0.4413793103448276,0.6153846153846154,0.5140562248995985,0.38207547169811323,0.38461538461538464
0.475175985072618,0.4444444444444444,0.6153846153846154,0.5161290322580646,0.37735849056603776,0.38461538461538464
0.4754473949553598,0.44755244755244755,0.6153846153846154,0.5182186234817815,0.37264150943396224,0.38461538461538464
0.4758784686454858,0.4507042253521127,0.6153846153846154,0.5203252032520326,0.36792452830188677,0.38461538461538464
0.4759494150891777,0.45390070921985815,0.6153846153846154,0.5224489795918368,0.3632075471698113,0.38461538461538464
0.4759604152117143,0.45714285714285713,0.6153846153846154,0.5245901639344263,0.3584905660377358,0.38461538461538464
0.47813824871776384,0.460431654676259,0.6153846153846154,0.5267489711934157,0.35377358490566035,0.38461538461538464
0.47937272135320186,0.463768115942029,0.6153846153846154,0.5289256198347106,0.3490566037735849,0.38461538461538464
0.47957990926037664,0.45985401459854014,0.6057692307692307,0.5228215767634854,0.3490566037735849,0.3942307692307692
0.48008227081550575,0.4632352941176471,0.6057692307692307,0.525,0.3443396226415094,0.3942307692307692
0.4804739635014978,0.4666666666666667,0.6057692307692307,0.5271966527196653,0.33962264150943394,0.3942307692307692
0.4808809993042043,0.4626865671641791,0.5961538461538461,0.5210084033613446,0.33962264150943394,0.40384615384615385
0.48108859027335643,0.45864661654135336,0.5865384615384616,0.5147679324894515,0.33962264150943394,0.41346153846153844
0.48236342091083934,0.4621212121212121,0.5865384615384616,0.516949152542373,0.33490566037735847,0.41346153846153844
0.4830080964684086,0.46564885496183206,0.5865384615384616,0.5191489361702128,0.330188679245283,0.41346153846153844
0.4832027429166815,0.46923076923076923,0.5865384615384616,0.5213675213675213,0.32547169811320753,0.41346153846153844
0.4836284711736986,0.4728682170542636,0.5865384615384616,0.5236051502145923,0.32075471698113206,0.41346153846153844
0.48366951606948905,0.46875,0.5769230769230769,0.5172413793103449,0.32075471698113206,0.4230769230769231
0.4839835280901514,0.47244094488188976,0.5769230769230769,0.5194805194805194,0.3160377358490566,0.4230769230769231
0.4841400364002336,0.47619047619047616,0.5769230769230769,0.5217391304347826,0.3113207547169811,0.4230769230769231
0.484879822646902,0.472,0.5673076923076923,0.5152838427947598,0.3113207547169811,0.4326923076923077
0.4867812621342334,0.47580645161290325,0.5673076923076923,0.5175438596491228,0.30660377358490565,0.4326923076923077
0.4872215426703921,0.4715447154471545,0.5576923076923077,0.5110132158590309,0.30660377358490565,0.4423076923076923
0.4881467036899389,0.47540983606557374,0.5576923076923077,0.5132743362831858,0.3018867924528302,0.4423076923076923
0.48884728522925214,0.4793388429752066,0.5576923076923077,0.5155555555555555,0.2971698113207547,0.4423076923076923
0.4890088953071722,0.48333333333333334,0.5576923076923077,0.5178571428571428,0.29245283018867924,0.4423076923076923
0.4890232376338337,0.4789915966386555,0.5480769230769231,0.5112107623318385,0.29245283018867924,0.4519230769230769
0.4900004789823021,0.4830508474576271,0.5480769230769231,0.5135135135135135,0.28773584905660377,0.4519230769230769
0.49133732380368655,0.47863247863247865,0.5384615384615384,0.5067873303167422,0.28773584905660377,0.46153846153846156
0.4914914879228518,0.4827586206896552,0.5384615384615384,0.509090909090909,0.2830188679245283,0.46153846153846156
0.49241520291387175,0.4782608695652174,0.5288461538461539,0.5022831050228311,0.2830188679245283,0.47115384615384615
0.49295342144839854,0.4824561403508772,0.5288461538461539,0.5045871559633027,0.2783018867924528,0.47115384615384615
0.4937888693445044,0.4778761061946903,0.5192307692307693,0.4976958525345622,0.2783018867924528,0.4807692307692308
0.49527431686944623,0.48214285714285715,0.5192307692307693,0.5,0.27358490566037735,0.4807692307692308
0.49563740501683506,0.4774774774774775,0.5096153846153846,0.49302325581395345,0.27358490566037735,0.49038461538461536
0.4965224035876234,0.4818181818181818,0.5096153846153846,0.4953271028037383,0.2688679245283019,0.49038461538461536
0.49960519281712884,0.48623853211009177,0.5096153846153846,0.49765258215962443,0.2641509433962264,0.49038461538461536
0.5003912301299284,0.49074074074074076,0.5096153846153846,0.5,0.25943396226415094,0.49038461538461536
0.5005539720125578,0.4953271028037383,0.5096153846153846,0.5023696682464455,0.25471698113207547,0.49038461538461536
0.5008568253728719,0.5,0.5096153846153846,0.5047619047619047,0.25,0.49038461538461536
0.5033873989281684,0.5047619047619047,0.5096153846153846,0.507177033492823,0.24528301886792453,0.49038461538461536
0.5037641201238442,0.5,0.5,0.5,0.24528301886792453,0.5
0.5039437406816016,0.5048543689320388,0.5,0.5024154589371981,0.24056603773584906,0.5
0.5041197686200726,0.5098039215686274,0.5,0.5048543689320388,0.2358490566037736,0.5
0.5050448170392938,0.5148514851485149,0.5,0.5073170731707317,0.23113207547169812,0.5
0.5074866854350457,0.52,0.5,0.5098039215686274,0.22641509433962265,0.5
0.5086814322499436,0.5151515151515151,0.49038461538461536,0.5024630541871921,0.22641509433962265,0.5096153846153846
0.5091695805216327,0.5102040816326531,0.4807692307692308,0.4950495049504951,0.22641509433962265,0.5192307692307693
0.5093282382815435,0.5154639175257731,0.4807692307692308,0.49751243781094523,0.22169811320754718,0.5192307692307693
0.5115929957144137,0.5208333333333334,0.4807692307692308,0.5,0.2169811320754717,0.5192307692307693
0.5131459444346771,0.5263157894736842,0.4807692307692308,0.5025125628140704,0.21226415094339623,0.5192307692307693
0.5140391658093472,0.5319148936170213,0.4807692307692308,0.505050505050505,0.20754716981132076,0.5192307692307693
0.5141506294934612,0.5268817204301075,0.47115384615384615,0.49746192893401014,0.20754716981132076,0.5288461538461539
0.5141722390081446,0.532608695652174,0.47115384615384615,0.5,0.2028301886792453,0.5288461538461539
0.5170436391847757,0.5274725274725275,0.46153846153846156,0.4923076923076923,0.2028301886792453,0.5384615384615384
0.5178052266901517,0.5333333333333333,0.46153846153846156,0.4948453608247423,0.19811320754716982,0.5384615384615384
0.5225774694111766,0.5280898876404494,0.4519230769230769,0.48704663212435234,0.19811320754716982,0.5480769230769231
0.5229507450833406,0.5340909090909091,0.4519230769230769,0.4895833333333333,0.19339622641509435,0.5480769230769231
0.5236661158112957,0.5287356321839081,0.4423076923076923,0.4816753926701571,0.19339622641509435,0.5576923076923077
0.523926711227,0.5232558139534884,0.4326923076923077,0.4736842105263158,0.19339622641509435,0.5673076923076923
0.5254969771186156,0.5176470588235295,0.4230769230769231,0.4656084656084657,0.19339622641509435,0.5769230769230769
0.5257474894088975,0.5238095238095238,0.4230769230769231,0.4680851063829788,0.18867924528301888,0.5769230769230769
0.5272100500086875,0.5301204819277109,0.4230769230769231,0.4705882352941177,0.18396226415094338,0.5769230769230769
0.52907017723993,0.524390243902439,0.41346153846153844,0.46236559139784944,0.18396226415094338,0.5865384615384616
0.529141629903958,0.5185185185185185,0.40384615384615385,0.4540540540540541,0.18396226415094338,0.5961538461538461
0.5296238871512865,0.525,0.40384615384615385,0.4565217391304348,0.1792452830188679,0.5961538461538461
0.5303851251279669,0.5189873417721519,0.3942307692307692,0.44808743169398907,0.1792452830188679,0.6057692307692307
0.5306172451835938,0.5256410256410257,0.3942307692307692,0.4505494505494505,0.17452830188679244,0.6057692307692307
0.5314129096927921,0.5194805194805194,0.38461538461538464,0.4419889502762431,0.17452830188679244,0.6153846153846154
0.5344528304359122,0.5263157894736842,0.38461538461538464,0.4444444444444444,0.16981132075471697,0.6153846153846154
0.5348474183681251,0.5333333333333333,0.38461538461538464,0.446927374301676,0.1650943396226415,0.6153846153846154
0.5362042119732441,0.5405405405405406,0.38461538461538464,0.44943820224719105,0.16037735849056603,0.6153846153846154
0.5367653909810615,0.547945205479452,0.38461538461538464,0.45197740112994356,0.15566037735849056,0.6153846153846154
0.5374793888085095,0.5555555555555556,0.38461538461538464,0.4545454545454546,0.1509433962264151,0.6153846153846154
0.5426662791586762,0.5633802816901409,0.38461538461538464,0.4571428571428572,0.14622641509433962,0.6153846153846154
0.5442540247086508,0.5714285714285714,0.38461538461538464,0.4597701149425288,0.14150943396226415,0.6153846153846154
0.5448488043976154,0.5797101449275363,0.38461538461538464,0.4624277456647399,0.13679245283018868,0.6153846153846154
0.5469091183617855,0.5882352941176471,0.38461538461538464,0.46511627906976744,0.1320754716981132,0.6153846153846154
0.5471544678440949,0.5970149253731343,0.38461538461538464,0.4678362573099415,0.12735849056603774,0.6153846153846154
0.5492754955070205,0.6060606060606061,0.38461538461538464,0.47058823529411764,0.12264150943396226,0.6153846153846154
0.54955370854864,0.6153846153846154,0.38461538461538464,0.4733727810650888,0.1179245283018868,0.6153846153846154
0.5543744490800069,0.609375,0.375,0.4642857142857143,0.1179245283018868,0.625
0.5568955896461631,0.6190476190476191,0.375,0.46706586826347307,0.11320754716981132,0.625
0.5574620380652181,0.6129032258064516,0.36538461538461536,0.45783132530120485,0.11320754716981132,0.6346153846153846
0.5579650928943182,0.6229508196721312,0.36538461538461536,0.4606060606060606,0.10849056603773585,0.6346153846153846
0.5579880242073114,0.6333333333333333,0.36538461538461536,0.46341463414634143,0.10377358490566038,0.6346153846153846
0.5586490901202423,0.6440677966101694,0.36538461538461536,0.4662576687116564,0.09905660377358491,0.6346153846153846
0.5591946255840198,0.6379310344827587,0.3557692307692308,0.45679012345679015,0.09905660377358491,0.6442307692307693
0.5637648755785105,0.6491228070175439,0.3557692307692308,0.4596273291925466,0.09433962264150944,0.6442307692307693
0.5659446253309982,0.6607142857142857,0.3557692307692308,0.4625,0.08962264150943396,0.6442307692307693
0.5674135762874354,0.6545454545454545,0.34615384615384615,0.45283018867924535,0.08962264150943396,0.6538461538461539
0.5685739387207418,0.6481481481481481,0.33653846153846156,0.44303797468354433,0.08962264150943396,0.6634615384615384
0.5741596982222169,0.6415094339622641,0.3269230769230769,0.4331210191082802,0.08962264150943396,0.6730769230769231
0.5768724483246099,0.6346153846153846,0.3173076923076923,0.4230769230769231,0.08962264150943396,0.6826923076923077
0.5789973347735222,0.6470588235294118,0.3173076923076923,0.4258064516129032,0.08490566037735849,0.6826923076923077
0.582004238879494,0.64,0.3076923076923077,0.4155844155844156,0.08490566037735849,0.6923076923076923
0.5830213503510548,0.6326530612244898,0.2980769230769231,0.4052287581699346,0.08490566037735849,0.7019230769230769
0.5846701194083523,0.625,0.28846153846153844,0.3947368421052631,0.08490566037735849,0.7115384615384616
0.5847776575831127,0.6382978723404256,0.28846153846153844,0.3973509933774835,0.08018867924528301,0.7115384615384616
0.5869080537179776,0.6521739130434783,0.28846153846153844,0.39999999999999997,0.07547169811320754,0.7115384615384616
0.5876045005434004,0.6666666666666666,0.28846153846153844,0.40268456375838924,0.07075471698113207,0.7115384615384616
0.587702399668008,0.6818181818181818,0.28846153846153844,0.4054054054054054,0.0660377358490566,0.7115384615384616
0.5878861880448344,0.6976744186046512,0.28846153846153844,0.4081632653061224,0.06132075471698113,0.7115384615384616
0.5881329070554312,0.6904761904761905,0.27884615384615385,0.3972602739726028,0.06132075471698113,0.7211538461538461
0.5901691018198462,0.6829268292682927,0.2692307692307692,0.3862068965517241,0.06132075471698113,0.7307692307692307
0.5938148229294634,0.7,0.2692307692307692,0.3888888888888889,0.05660377358490566,0.7307692307692307
0.5940021916582505,0.6923076923076923,0.25961538461538464,0.37762237762237766,0.05660377358490566,0.7403846153846154
0.5959229901987274,0.6842105263157895,0.25,0.36619718309859156,0.05660377358490566,0.75
0.5994480990097721,0.6756756756756757,0.2403846153846154,0.3546099290780142,0.05660377358490566,0.7596153846153846
0.6059675947980647,0.6666666666666666,0.23076923076923078,0.3428571428571429,0.05660377358490566,0.7692307692307693
0.6102775668535376,0.6857142857142857,0.23076923076923078,0.34532374100719426,0.05188679245283019,0.7692307692307693
0.6116591677814096,0.6764705882352942,0.22115384615384615,0.3333333333333333,0.05188679245283019,0.7788461538461539
0.6119036540599243,0.6666666666666666,0.21153846153846154,0.32116788321167883,0.05188679245283019,0.7884615384615384
0.6154337490371297,0.65625,0.20192307692307693,0.3088235294117648,0.05188679245283019,0.7980769230769231
0.6192354569925259,0.6451612903225806,0.19230769230769232,0.29629629629629634,0.05188679245283019,0.8076923076923077
0.6195734536655348,0.6666666666666666,0.19230769230769232,0.29850746268656714,0.04716981132075472,0.8076923076923077
0.6213210346782195,0.6551724137931034,0.18269230769230768,0.2857142857142857,0.04716981132075472,0.8173076923076923
0.6241783263103055,0.6428571428571429,0.17307692307692307,0.27272727272727276,0.04716981132075472,0.8269230769230769
0.6283704184122282,0.6296296296296297,0.16346153846153846,0.2595419847328244,0.04716981132075472,0.8365384615384616
0.6335234362722774,0.6153846153846154,0.15384615384615385,0.24615384615384617,0.04716981132075472,0.8461538461538461
0.6423124971887287,0.64,0.15384615384615385,0.248062015503876,0.04245283018867924,0.8461538461538461
0.6461854641715792,0.6666666666666666,0.15384615384615385,0.25,0.03773584905660377,0.8461538461538461
0.6465826745207088,0.6521739130434783,0.14423076923076922,0.23622047244094488,0.03773584905660377,0.8557692307692307
0.6589541764403875,0.6363636363636364,0.1346153846153846,0.22222222222222224,0.03773584905660377,0.8653846153846154
0.6626261062891932,0.6666666666666666,0.1346153846153846,0.22399999999999998,0.0330188679245283,0.8653846153846154
0.6636717170038346,0.7,0.1346153846153846,0.22580645161290322,0.02830188679245283,0.8653846153846154
0.6643364700365755,0.6842105263157895,0.125,0.21138211382113822,0.02830188679245283,0.875
0.6658844519387114,0.7222222222222222,0.125,0.21311475409836064,0.02358490566037736,0.875
0.6745631068154676,0.7058823529411765,0.11538461538461539,0.19834710743801656,0.02358490566037736,0.8846153846153846
0.6787491445523611,0.6875,0.10576923076923077,0.18333333333333335,0.02358490566037736,0.8942307692307693
0.6794067854797683,0.6666666666666666,0.09615384615384616,0.1680672268907563,0.02358490566037736,0.9038461538461539
0.6801700182340704,0.7142857142857143,0.09615384615384616,0.16949152542372883,0.018867924528301886,0.9038461538461539
0.6845371807824546,0.6923076923076923,0.08653846153846154,0.15384615384615383,0.018867924528301886,0.9134615384615384
0.6961047187331846,0.75,0.08653846153846154,0.15517241379310343,0.014150943396226415,0.9134615384615384
0.7114965974129068,0.7272727272727273,0.07692307692307693,0.13913043478260873,0.014150943396226415,0.9230769230769231
0.7136831868507744,0.8,0.07692307692307693,0.14035087719298248,0.009433962264150943,0.9230769230769231
0.717763374632378,0.8888888888888888,0.07692307692307693,0.14159292035398233,0.0047169811320754715,0.9230769230769231
0.7305399627588868,0.875,0.0673076923076923,0.125,0.0047169811320754715,0.9326923076923077
0.7368632975067103,0.8571428571428571,0.057692307692307696,0.1081081081081081,0.0047169811320754715,0.9423076923076923
0.7386776410245324,0.8333333333333334,0.04807692307692308,0.09090909090909091,0.0047169811320754715,0.9519230769230769
0.776282197368924,0.8,0.038461538461538464,0.07339449541284404,0.0047169811320754715,0.9615384615384616
0.7796552873505649,0.75,0.028846153846153848,0.05555555555555555,0.0047169811320754715,0.9711538461538461
0.7863741965149611,0.6666666666666666,0.019230769230769232,0.037383177570093455,0.0047169811320754715,0.9807692307692307
0.8052240530437944,0.5,0.009615384615384616,0.01886792452830189,0.0047169811320754715,0.9903846153846154
0.8169196428273129,1.0,0.009615384615384616,0.01904761904761905,0.0,0.9903846153846154
